a750d2e8ac2c38c52c307e419099e214ba5096be2461fbb9acbbc4ccf707a8c1,8277c7e6d2b132c021f72afdb55d5c28d0dcaafbe11700eb55250db114cd9c65,4d798bd7de630c257bdcf8065bc5aee0bab2cdc32cd1e0a321aec967093358ba,3ecdca638bede1e4cef13b8b2db2a0f622252bf7bdf9939f5f27a98a0032242d,bf96f444082c1aaad28c0197503c2975e467e2ab7e2b739ed3b38ca00439d8a0
"0","","101","1","0"
"11002008","主線冒險2-8（NORMAL）通關後解放","102","1","0"
"11002005","      主線冒險\n      2-5（NORMAL）\n      通關後解放","103","1","0"
"11002012","    主線冒險\n    2-12(NORMAL)\n    通關後解放","104","1","0"
"11003001","    主線冒險\n    3-1（NORMAL）\n    通關後解放","107","1","0"
"11009001","主線冒險9-1（NORMAL）通關後解放","108","1","0"
"11009002","主線冒險9-2（NORMAL）通關後解放","109","1","0"
"11001005","主線冒險1-5（NORMAL）通關後解放","110","1","0"
"12018001","主線冒險18-1（HARD）通關後解放","111","1","0"
"11018005","主線冒險18-5（NORMAL）通關後解放","112","1","0"
"11008001","主線冒險8-1（NORMAL）通關後解放","115","1","0"
"11002004","主線冒險2-4（NORMAL）通關後解放","116","1","0"
"11003003","主線冒險3-3（NORMAL）通關後解放","117","1","0"
"11002007","主線冒險2-7（NORMAL）通關後解放","118","1","0"
"11009003","主線冒險9-3（NORMAL）通關後解放","119","1","0"
"11003001","主線冒險3-1（NORMAL）通關後解放","124","1","0"
"0","閱覽露娜之塔序幕劇情後解放","125","1","0"
"11010001","主線冒險\n10-1（NORMAL）\n通關後解放","127","1","0"
"11002006","主線冒險2-6（NORMAL）通關後解放","129","1","0"
"11063001","主線冒險\n63-1（NORMAL）\n通關後解放","130","1","0"
"11010001","主線冒險10-1\n（NORMAL）通關後解放","131","1","0"
"11064001","主線冒險64-1（NORMAL）通關後解放","132","1","0"
"11072001","主線冒險\n72-1（NORMAL）\n通關後解放","135","1","0"
"11065001","主線冒險\n65-1（NORMAL）\n通關後解放","136","1","0"
"0","","138","1","0"
"0","","201","1","0"
"11004006","主線冒險4-6（NORMAL）通關後解放","202","1","0"
"11008015","主線冒險8-15（NORMAL）通關後解放","203","1","0"
"11002012","主線冒險2-12（NORMAL）通關後解放","204","1","0"
"11003001","主線冒險3-1（NORMAL）通關後解放","205","1","0"
"11004013","主線冒險4-13（NORMAL）通關後解放","206","1","0"
"0","","207","1","0"
"0","","210","1","0"
"11004013","主線冒險4-13（NORMAL）通關後解放","212","1","0"
"11018001","主線冒險18-1（NORMAL）通關後解放","213","1","0"
"11018001","主線冒險18-1（NORMAL）通關後解放","214","1","0"
"11018001","主線冒險18-1（NORMAL）通關後解放","215","1","0"
"0","","216","1","0"
"11018001","主線冒險18-1（NORMAL）通關後解放","217","1","0"
"11004006","主線冒險\n4-6（NORMAL）\n通關後解放","401","1","0"
"11008015","主線冒險\n8-15（NORMAL）\n通關後解放","402","1","0"
"11002002","主線冒險2-2（NORMAL）通關後解放","503","1","0"
"11003005","主線冒險3-5（NORMAL）通關後解放","506","1","0"
"11002003","主線冒險2-3（NORMAL）通關後解放","509","1","0"
"11019001","主線冒險19-1（NORMAL）通關後解放","510","1","0"
"11019005","主線冒險19-5（NORMAL）通關後解放","511","1","0"
"11018002","主線冒險18-2（NORMAL）通關後解放","512","1","0"
"11002001","主線冒險2-1（NORMAL）通關後解放","601","1","0"
"11007001","主線冒險7-1（NORMAL）通關後解放","602","1","0"
"11016014","主線冒險16-14（NORMAL）通關後解放","603","1","0"
"11003001","主線冒險3-1（NORMAL）通關後解放","701","1","0"
"11001007","主線冒險1-7（NORMAL）通關後解放","802","1","0"
"11002009","主線冒險2-9（NORMAL）通關後解放","904","1","0"
"11002009","主線冒險2-9（NORMAL）通關後解放","905","1","0"
"0","","906","1","0"
"11003006","主線冒險3-6（NORMAL）通關後解放","909","1","0"
"11008001","主線冒險8-1（NORMAL）通關後解放","910","1","0"
"11018001","主線冒險\n18-1（NORMAL）\n通關後解放","1001","1","0"
"0","","6111","1","0"
"11002012","主線冒險2-12（NORMAL）通關後解放","6114","1","0"
"11003002","主線冒險3-2（NORMAL）通關後解放","8001","1","0"